status,carl_name,canonical_name,book_name,offer_rows,bureaus,has_url
"duplicate","1st Source Bank","1st Source Bank","1st Source Bank","1","TransUnion,Dun & Bradstreet or SBFE","yes"
"duplicate","Alpine Bank","Alpine Bank","Alpine Bank","1","Equifax","yes"
"duplicate","American National Bank","American National","American National (0%","1","TransUnion","yes"
"duplicate","American Savings Bank","American Savings Bank","American Savings Bank","1","All 3","yes"
"duplicate","Associated Bank","Associated Bank","Associated Bank","1","All 3,Dun & Bradstreet or SBFE","yes"
"duplicate","Atlantic Union Bank","Atlantic Union Bank","Atlantic Union Bank","1","All 3,Dun & Bradstreet or SBFE,TransUnion","yes"
"duplicate","BancFirst","BancFirst","BancFirst","3","All 3,Dun & Bradstreet or SBFE / TransUnion","yes"
"duplicate","Bank Forward","Bank Forward","Bank Forward","1","Experian,Dun & Bradstreet or SBFE","yes"
"duplicate","Bank Of Albuquerque","Bank of Albuquerque","Bank of Albuquerque","1","TransUnion,Dun & Bradstreet or SBFE","yes"
"duplicate","Bank of America","Bank of America","Bank of America","1","TransUnion","yes"
"duplicate","Bank of New Hampshire","Bank of New Hampshire","Bank of New Hampshire","1","TransUnion,Dun & Bradstreet or SBFE","yes"
"duplicate","Bank of Oklahoma","Bank of Oklahoma","Bank of Oklahoma","1","Dun & Bradstreet or SBFE,TransUnion","yes"
"duplicate","Bank of Tennessee","Bank of Tennessee","Bank of Tennessee","1","Experian,Dun & Bradstreet or SBFE","yes"
"duplicate","Bank of Utah","Bank of Utah","Bank of Utah","1","TransUnion","yes"
"duplicate","BankNewport","BankNewport","BankNewport","1","TransUnion,Dun & Bradstreet or SBFE","yes"
"duplicate","Berkshire Bank","Berkshire Bank","Berkshire Bank","1","All 3,Dun & Bradstreet or SBFE","yes"
"duplicate","BOK Financial","BOK Financial","BOK Financial","1","TransUnion,Dun & Bradstreet or SBFE","yes"
"duplicate","Bremer Bank","Bremer Bank","Bremer Bank","1","TransUnion,Dun & Bradstreet or SBFE","yes"
"duplicate","Bryant Bank","Bryant Bank","Bryant Bank","1","TransUnion,Dun & Bradstreet or SBFE","yes"
"duplicate","Camden National Bank","Camden National Bank","Camden National Bank","1","TransUnion,Dun & Bradstreet or SBFE","yes"
"duplicate","Centier Bank","Centier Bank","Centier Bank","1","TransUnion,Dun & Bradstreet or SBFE","yes"
"duplicate","Chase","Chase","Chase","1","Experian","yes"
"duplicate","Choice Bank","Choice Bank","Choice Bank","1","TransUnion,Dun & Bradstreet or SBFE","yes"
"duplicate","Citizens Bank","Citizens Bank","Citizens Bank","1","Equifax","yes"
"duplicate","City National Bank","City National Bank","City National Bank","2","TransUnion / All 3,TransUnion","yes"
"duplicate","Columbia Bank","Columbia Banking System","Columbia Bank","1","Experian","yes"
"duplicate","Community Bank","Community Bank","Community Bank","2","TransUnion,Dun & Bradstreet or SBFE / Equifax","yes"
"duplicate","Community National Bank","Community National Bank","Community National Bank","1","Equifax","yes"
"duplicate","Cornerstone Bank","Cornerstone Bank","Cornerstone Bank","1","All 3,Dun & Bradstreet or SBFE","yes"
"duplicate","Denali State Bank","Denali State Bank","Denali State Bank","1","TransUnion,Dun & Bradstreet or SBFE","yes"
"duplicate","Desert Financial Credit Union","Desert Financial Credit Union","Desert Financial CU","1","Dun & Bradstreet or SBFE,TransUnion","yes"
"duplicate","Eastern Bank","Eastern Bank","Eastern Bank","1","Experian","yes"
"duplicate","Emprise Bank","Emprise Bank","Emprise Bank","1","TransUnion","yes"
"duplicate","Ent Credit Union","ENT Credit Union","ENT Credit Union","1","Experian,Dun & Bradstreet or SBFE","yes"
"duplicate","Exchange State Bank","Exchange State Bank","Exchange State Bank","1","TransUnion,Dun & Bradstreet or SBFE","yes"
"duplicate","Farmers & Merchants Bank","Farmers & Merchants Bank","Farmers & Merchants Bank","3","All 3 / Experian / TransUnion,Dun & Bradstreet or SBFE","yes"
"duplicate","First American Bank","First American Bank","First American Bank","1","Dun & Bradstreet or SBFE,All 3","yes"
"duplicate","First Arkansas Bank & Trust","First Arkansas Bank & Trust","FAB&T","1","TransUnion","yes"
"duplicate","First Bank","First Bank","First Bank","4","Experian / All 3 / TransUnion,Dun & Bradstreet or SBFE / Experian,Dun & Bradstreet or SBFE","yes"
"duplicate","First Citizens Bank","First Citizens Bank","First Citizens","3","Experian / All 3 / TransUnion,Dun & Bradstreet or SBFE","yes"
"duplicate","First Dakota National Bank","First Dakota National Bank","First Dakota National Bank","1","Experian","yes"
"duplicate","First Kentucky Bank","First Kentucky Bank","First Kentucky Bank","1","TransUnion,Dun & Bradstreet or SBFE","yes"
"duplicate","First National Bank of Omaha","FNBO","First National Bank of Omaha (FNBO)","2","Experian,Equifax / Experian","yes"
"duplicate","First State Bank","First State Bank","First State Bank","2","TransUnion / Experian","yes"
"duplicate","FlagStar Bank","Flagstar Bank","Flagstar Bank","1","Experian","yes"
"duplicate","Frontier Bank of Texas","Frontier Bank of Texas","Frontier Bank of Texas","1","All 3,Dun & Bradstreet or SBFE","yes"
"duplicate","Fulton Bank","Fulton Bank","Fulton Bank","1","Dun & Bradstreet or SBFE,TransUnion","yes"
"duplicate","Gate City Bank","Gate City Bank","Gate City Bank","2","Experian,Equifax","yes"
"duplicate","Great Southern Bank","Great Southern Bank","Great Southern Bank","1","TransUnion,Experian","yes"
"duplicate","Greater Nevada Credit Union","Greater Nevada Credit Union","Greater Nevada Credit Union","1","TransUnion,Dun & Bradstreet or SBFE","yes"
"duplicate","Hanmi Bank","Hanmi Bank","Hanmi Bank","1","All 3","yes"
"duplicate","Horizon bank","Horizon Bank","Horizon Bank","2","All 3 / TransUnion","yes"
"duplicate","IBC Bank","IBC Bank","IBC","1","Experian,Equifax","yes"
"duplicate","Idaho First Bank","Idaho First Bank","Idaho First Bank","1","All 3,Dun & Bradstreet or SBFE","yes"
"duplicate","Independent Bank","Independent Bank","Independent Bank","2","TransUnion,Dun & Bradstreet or SBFE / All 3,Dun & Bradstreet or SBFE","yes"
"duplicate","Intrust Bank","Intrust Bank","Intrust Bank","1","TransUnion","yes"
"duplicate","Iowa State Bank","Iowa State Bank","Iowa State Bank","1","Experian","yes"
"duplicate","kearny bank","Kearny Bank","Kearny Bank","1","TransUnion,Dun & Bradstreet or SBFE","yes"
"duplicate","Liberty Bank","Liberty Bank","Liberty Bank","1","Dun & Bradstreet or SBFE,TransUnion","yes"
"duplicate","Liberty National Bank","Liberty National Bank","Liberty National Bank","1","All 3,Dun & Bradstreet or SBFE,TransUnion","yes"
"duplicate","M&T Bank","M&T Bank","M&T Bank","1","Experian","yes"
"duplicate","Mechanics Bank","Mechanics Bank","Mechanics Bank","2","TransUnion,Dun & Bradstreet or SBFE / Experian,Dun & Bradstreet or SBFE","yes"
"duplicate","Mid Penn Bank","Mid Penn Bank","Mid Penn Bank","1","All 3,Dun & Bradstreet or SBFE","yes"
"duplicate","Mid-Missouri Bank","Mid-Missouri Bank","Mid-Missouri Bank","1","TransUnion,Dun & Bradstreet or SBFE","yes"
"duplicate","MidFirst Bank","MidFirst Bank","MidFirst Bank","1","Experian","yes"
"duplicate","National Bank of Arizona","National Bank of Arizona","National Bank of Arizona","1","TransUnion,Dun & Bradstreet or SBFE","yes"
"duplicate","Native American Bank","Native American Bank","Native American Bank","1","Experian","yes"
"duplicate","North Shore Bank","North Shore Bank","North Shore Bank","1","TransUnion,Dun & Bradstreet or SBFE","yes"
"duplicate","Northrim Bank","Northrim Bank","Northrim Bank","1","TransUnion","yes"
"duplicate","Northwest Bank","Northwest Savings Bank","Northwest Savings Bank","1","All 3,Dun & Bradstreet or SBFE","yes"
"duplicate","Old National Bank","Old National Bank","Old National Bank","1","All 3,Dun & Bradstreet or SBFE","yes"
"duplicate","Peoples Bank","Peoples Bank","Peoples Bank","2","Experian","yes"
"duplicate","Pinnacle Bank","Pinnacle Bank","Pinnacle Bank","2","Experian","yes"
"duplicate","PNC Bank","PNC Bank","PNC Bank","1","Experian","yes"
"duplicate","Provident Bank","Provident Bank","Provident Bank","1","All 3,Dun & Bradstreet or SBFE","yes"
"duplicate","Regions Bank","Regions Bank","Regions Bank","1","TransUnion","yes"
"duplicate","Republic Bank","Republic Bank","Republic Bank","1","TransUnion","yes"
"duplicate","Rockland Trust","Rockland Trust","Rockland Trust","1","Experian,Dun & Bradstreet or SBFE","yes"
"duplicate","Sandy Spring Bank","Sandy Spring Bank","Sandy Spring Bank","1","TransUnion,Dun & Bradstreet or SBFE","yes"
"duplicate","Southern Bank","Southern Bank","Southern Bank","1","TransUnion,Dun & Bradstreet or SBFE","yes"
"duplicate","Southside Bank","Southside Bank","Southside Bank","1","TransUnion","yes"
"duplicate","SouthState Bank","SouthState Bank","CenterState Bank (Now SouthState)","1","Experian,TransUnion,Dun & Bradstreet or SBFE","yes"
"duplicate","Synovus Bank","Synovus Bank","Synovus Bank","1","Equifax","yes"
"duplicate","TBK Bank","TBK Bank","TBK Bank","2","TransUnion,Dun & Bradstreet or SBFE","yes"
"duplicate","TD Bank","TD Bank","TD Bank","1","Experian","yes"
"duplicate","The Bank of Commerce","The Bank of Commerce","The Bank of Commerce","2","Experian","yes"
"duplicate","The Farmers Bank","The Farmers Bank","The Farmers Bank","1","TransUnion,Dun & Bradstreet or SBFE","yes"
"duplicate","The First Bank","The First Bank","The First Bank","1","All 3,Dun & Bradstreet or SBFE","yes"
"duplicate","The Missouri Bank","The Missouri Bank","The Missouri Bank","1","Experian","yes"
"duplicate","The Peoples Bank","The Peoples Bank","The Peoples Bank","1","All 3","yes"
"duplicate","Tri City National Bank","Tri City National Bank","Tri City National Bank","1","TransUnion","yes"
"duplicate","Truist Bank","Truist","Truist","1","Equifax","yes"
"duplicate","Trustmark National Bank","Trustmark National Bank","Trustmark National Bank","1","Equifax","yes"
"duplicate","Umpqua Bank","Umpqua Bank","Umpqua Bank","1","All 3,Dun & Bradstreet or SBFE,TransUnion","yes"
"duplicate","United Community Bank","United Community Bank","United Community Bank","3","TransUnion / Equifax / All 3,Dun & Bradstreet or SBFE","yes"
"duplicate","US Bank","US Bank","US Bank","1","TransUnion","yes"
"duplicate","Virginia National Bank","Virginia National Bank","Virginia National Bank","1","TransUnion","yes"
"duplicate","Webster Bank","Webster Bank","Webster Bank","1","TransUnion,Dun & Bradstreet or SBFE","yes"
"duplicate","Wells Fargo","Wells Fargo","Wells Fargo","1","Experian","yes"
"duplicate","Wesbanco Bank","WesBanco","WesBanco","2","TransUnion,Dun & Bradstreet or SBFE / All 3,Dun & Bradstreet or SBFE","yes"
"duplicate","Zions Bank","Zions Bank","Zions Bank","1","TransUnion","yes"
"new","21st Century Bank","","","1","Dun & Bradstreet or SBFE","yes"
"new","22nd State Bank","","","1","TransUnion","yes"
"new","3HILL","","","1","TransUnion,Dun & Bradstreet or SBFE","yes"
"new","7 17 Credit Union","","","1","TransUnion,Dun & Bradstreet or SBFE","yes"
"new","Abby Bank","","","1","All 3,Dun & Bradstreet or SBFE","yes"
"new","Aberdeen Proving Ground","","","1","Equifax","yes"
"new","Access Bank","","","1","All 3,Dun & Bradstreet or SBFE","yes"
"new","Adams Community Bank","","","1","TransUnion,Dun & Bradstreet or SBFE","yes"
"new","Adams State Bank","","","1","TransUnion,Dun & Bradstreet or SBFE","yes"
"new","AFL CIO EMPLOYEES","","","1","TransUnion,Dun & Bradstreet or SBFE","yes"
"new","Air Academy CU","","","1","Experian,Dun & Bradstreet or SBFE","yes"
"new","Alerus","Alerus Financial","","1","All 3,Dun & Bradstreet or SBFE","yes"
"new","ALL ONE","","","1","Equifax","yes"
"new","Allegiance CU","","","1","Dun & Bradstreet or SBFE,TransUnion","yes"
"new","Alliance CU","","","1","TransUnion,Dun & Bradstreet or SBFE","yes"
"new","AllSouth","","","1","Dun & Bradstreet or SBFE","yes"
"new","Amalgamated Bank","","","1","Experian","yes"
"new","Amarillo Community Federal Credit Union","","","1","TransUnion,Dun & Bradstreet or SBFE","yes"
"new","American Bank","","","1","TransUnion,Dun & Bradstreet or SBFE","yes"
"new","American Bank & Trust","","","2","TransUnion,Dun & Bradstreet or SBFE / TransUnion","yes"
"new","American Community Bank and Trust","","","1","All 3,Dun & Bradstreet or SBFE","yes"
"new","American Momentum Bank","","","1","TransUnion","yes"
"new","American State Bank","","","1","All 3,Dun & Bradstreet or SBFE","yes"
"new","American State Bank OF GRYGLA","","","1","TransUnion,Dun & Bradstreet or SBFE","yes"
"new","Ameris Bank","","","1","All 3,Dun & Bradstreet or SBFE,TransUnion","yes"
"new","AmeriServ Financial Bank","","","1","TransUnion","yes"
"new","Amplify Credit Union","","","1","All 3,Dun & Bradstreet or SBFE","yes"
"new","Anderson Brothers Bank","","","1","TransUnion","yes"
"new","Androscoggin Bank","","","1","All 3,Dun & Bradstreet or SBFE","yes"
"new","Apple Bank","","","1","Experian,Equifax","yes"
"new","Arrow Bank National Association","","","1","Experian","yes"
"new","Artisans Bank","","","1","Experian,Dun & Bradstreet or SBFE","yes"
"new","Auburn Savings Bank","","","1","TransUnion,Dun & Bradstreet or SBFE","yes"
"new","Availa Bank","","","1","Equifax","yes"
"new","BAC Community Bank","","","1","Experian","yes"
"new","Badger Bank","","","1","Experian","yes"
"new","Ballston Spa National Bank","","","1","All 3","yes"
"new","Banc of California","","","1","TransUnion,Dun & Bradstreet or SBFE","yes"
"new","Banco do Brasil Americas","","","1","Experian","yes"
"new","Bank Five Nine","","","1","Dun & Bradstreet or SBFE,TransUnion","yes"
"new","Bank Midwest","","","1","TransUnion,Experian","yes"
"new","Bank of 1889","","","1","Experian","yes"
"new","Bank of Ann Arbor","","","1","Experian","yes"
"new","Bank of Calhoun County","","","1","All 3","yes"
"new","Bank of Clarke County","","","1","Experian","yes"
"new","Bank of England","","","1","Experian","yes"
"new","Bank of Estes Park","","","1","Equifax","yes"
"new","Bank of Frankewing","","","1","Equifax","yes"
"new","Bank of Franklin County","","","1","Equifax,TransUnion,Dun & Bradstreet or SBFE","yes"
"new","Bank of Jackson Hole","","","1","TransUnion","yes"
"new","Bank of Lexington, INC.","","","1","All 3,Dun & Bradstreet or SBFE","yes"
"new","Bank of Luxemburg","","","1","TransUnion","yes"
"new","Bank of Marin","","","1","TransUnion,Dun & Bradstreet or SBFE","yes"
"new","Bank of Pontiac","","","1","TransUnion","yes"
"new","Bank of Sierra","","","1","TransUnion,Dun & Bradstreet or SBFE","yes"
"new","Bank of Southern California","","","1","Dun & Bradstreet or SBFE,Experian","yes"
"new","Bank of Sunset and Trust Company","","","1","TransUnion,Dun & Bradstreet or SBFE","yes"
"new","Bank of Texas","","","1","TransUnion","yes"
"new","Bank of the Sierra","","","1","All 3,Dun & Bradstreet or SBFE","yes"
"new","Bank OZK","","","1","Experian","yes"
"new","Bank Star","","","1","All 3,Dun & Bradstreet or SBFE","yes"
"new","BankChampaign, National Association","","","1","TransUnion","yes"
"new","bankESB","","","1","All 3,Dun & Bradstreet or SBFE","yes"
"new","BankFinancial","","","1","TransUnion,Dun & Bradstreet or SBFE","yes"
"new","BankFive","","","1","TransUnion","yes"
"new","BankIowa","","","1","Experian","yes"
"new","BankORION","","","1","All 3,Dun & Bradstreet or SBFE","yes"
"new","BankVista","","","1","All 3,Dun & Bradstreet or SBFE","yes"
"new","Banner Banks","","","1","TransUnion,Dun & Bradstreet or SBFE","yes"
"new","Banterra Bank","","","1","TransUnion,Dun & Bradstreet or SBFE","yes"
"new","Baptist Health Federal Credit Union","","","1","Dun & Bradstreet or SBFE","yes"
"new","Bar Harbor Bank & Trust:","","","2","TransUnion","yes"
"new","Baraboo State Bank","","","1","TransUnion,Dun & Bradstreet or SBFE","yes"
"new","Bay Coast Bank","","","1","All 3","yes"
"new","Bay State Savings Bank","","","1","Dun & Bradstreet or SBFE","yes"
"new","BEACON COMMUNITY","","","1","Experian","yes"
"new","Bell Bank","","","1","Dun & Bradstreet or SBFE","yes"
"new","BEVERLY MUNICIPAL","","","1","TransUnion,Dun & Bradstreet or SBFE","yes"
"new","BLAZE","","","1","Experian","yes"
"new","Blaze Credit Union","","","1","TransUnion,Equifax","yes"
"new","BLAZE, TCM","","","1","TransUnion","yes"
"new","Bloomsdale Bank","","","1","TransUnion","yes"
"new","Blue Foundry Bank","","","1","TransUnion,Dun & Bradstreet or SBFE","yes"
"new","Blue Ridge Bank","","","1","Equifax","yes"
"new","Bluestone Bank","","","1","TransUnion,Dun & Bradstreet or SBFE","yes"
"new","BMO Harris Central National Association","","","1","TransUnion","yes"
"new","BNC National Bank","BNC National Bank","","1","All 3,Dun & Bradstreet or SBFE","yes"
"new","Bogota Savings Bank","","","1","All 3,Dun & Bradstreet or SBFE","yes"
"new","Boone Bank & Trust Co.","","","2","Equifax / TransUnion","yes"
"new","Border Bank","","","1","All 3,Dun & Bradstreet or SBFE","yes"
"new","Branson Bank","","","1","Experian","yes"
"new","Brantley Bank & Trust Co","","","1","Experian","yes"
"new","Bremer Bank, National Association","","","1","TransUnion,Dun & Bradstreet or SBFE","yes"
"new","Bridgewater Bank","","","1","Experian","yes"
"new","Bristol County Savings Bank","","","1","TransUnion,Dun & Bradstreet or SBFE","yes"
"new","Buckeye Community Ban","","","1","Experian","yes"
"new","Buckeye Community Bank","","","1","Experian","yes"
"new","Busey Bank","","","1","TransUnion,Experian","yes"
"new","Business Credit Card Approval Intelligence Database","","","1","","no"
"new","Cambridge Trust ( Eastern Bankshares, Inc)","","","1","All 3,Dun & Bradstreet or SBFE","yes"
"new","Cambridge Trust Company","","","1","TransUnion,Dun & Bradstreet or SBFE","yes"
"new","Campbell & Fetter Bank","","","1","TransUnion","yes"
"new","CANANDAIGUA","","","1","Experian","yes"
"new","Cape & Coast Bank","","","1","Experian,Equifax,Dun & Bradstreet or SBFE","yes"
"new","Capital City Bank","","","2","Equifax,Dun & Bradstreet or SBFE / TransUnion","yes"
"new","Capital Credit Union","","","1","Dun & Bradstreet or SBFE","yes"
"new","Capital On Tap","","","1","None","yes"
"new","Capon Valley Bank","","","1","All 3","yes"
"new","Carolina Bank & Trust","","","1","TransUnion","yes"
"new","Carrollton Bank","","","1","All 3,Dun & Bradstreet or SBFE","yes"
"new","Carson Bank","","","1","TransUnion,Dun & Bradstreet or SBFE","yes"
"new","Carver Federal Savings Bank","","","1","All 3,Dun & Bradstreet or SBFE","yes"
"new","Cattle Bank & Trust","","","1","All 3,Dun & Bradstreet or SBFE","yes"
"new","Cattlemens Bank","","","1","Experian","yes"
"new","CBI Bank & Trust","","","1","TransUnion","yes"
"new","CCF Bank","","","1","TransUnion,Dun & Bradstreet or SBFE","yes"
"new","CDC","","","1","TransUnion,Dun & Bradstreet or SBFE","yes"
"new","Center National Bank","","","1","TransUnion,Dun & Bradstreet or SBFE","yes"
"new","Central Bank","","","1","Experian","yes"
"new","Central Pacific Bank","","","1","All 3,Dun & Bradstreet or SBFE","yes"
"new","Central Penn Bank & Trust","","","1","Equifax,Dun & Bradstreet or SBFE","yes"
"new","Central State Bank","","","1","TransUnion,Dun & Bradstreet or SBFE","yes"
"new","Centreville Bank","","","1","TransUnion,Dun & Bradstreet or SBFE","yes"
"new","CENTRICITY","","","1","Experian,Dun & Bradstreet or SBFE","yes"
"new","Centricity CU","","","1","All 3,Dun & Bradstreet or SBFE","yes"
"new","Centris Federal Credit Union","","","1","Dun & Bradstreet or SBFE","yes"
"new","CFSBank","","","1","All 3","yes"
"new","Chelsea Groton Bank","","","1","TransUnion,Dun & Bradstreet or SBFE","yes"
"new","CHEVRON","","","1","TransUnion,Dun & Bradstreet or SBFE","yes"
"new","Choice Financial Group","","","1","TransUnion,Dun & Bradstreet or SBFE","yes"
"new","Citizens and Farmers Bank","","","1","Equifax,Dun & Bradstreet or SBFE","yes"
"new","Citizens Bank & Trust Company","","","1","All 3","yes"
"new","Citizens Bank & Trust VA","","","1","All 3","yes"
"new","Citizens Bank Minnesota","","","1","TransUnion,Experian,Dun & Bradstreet or SBFE","yes"
"new","Citizens Bank of Lafayette","","","1","TransUnion,Dun & Bradstreet or SBFE","yes"
"new","Citizens Business Bank","","","1","All 3,Dun & Bradstreet or SBFE","yes"
"new","Citizens Deposit Bank of Arlington, Inc","","","1","TransUnion,Dun & Bradstreet or SBFE","yes"
"new","Citizens Federal Savings and Loan Association","","","1","Experian","yes"
"new","Citizens Guaranty Bank","","","1","All 3","yes"
"new","Citizens National Bank","","","1","All 3","yes"
"new","Citizens National Bank of Cheboygan","","","1","TransUnion","yes"
"new","Citizens Savings Bank and Trust Company","","","1","Experian","yes"
"new","Citizens State Bank","","","2","Experian / All 3","yes"
"new","City Bank","","","1","All 3","yes"
"new","City National Bank of West Virginia","","","1","TransUnion,Equifax,Dun & Bradstreet or SBFE","yes"
"new","Citywide Bank","","","1","Experian","yes"
"new","Civista Bank","","","1","TransUnion","yes"
"new","Claremont Savings Bank:","","","1","Experian","yes"
"new","Cleveland State Bank","","","1","TransUnion,Dun & Bradstreet or SBFE","yes"
"new","CNB Bank, Inc.","","","1","Experian","yes"
"new","Coastal Carolina National Bank","","","1","All 3,Dun & Bradstreet or SBFE,TransUnion","yes"
"new","Coastal1 Credit Union","","","1","All 3","yes"
"new","Cobalt Credit Union","","","1","Experian,Dun & Bradstreet or SBFE","yes"
"new","Commencement Bank","","","1","TransUnion","yes"
"new","Commonwealth Business Bank","","","1","TransUnion,Dun & Bradstreet or SBFE","yes"
"new","Community Bank & Trust","","","1","Equifax","yes"
"new","Community Bank of Colorado","","","1","All 3","yes"
"new","Community Bank of Pleasant Hill","","","1","Equifax,Dun & Bradstreet or SBFE","yes"
"new","Community Banks of Colorado","","","1","TransUnion,Dun & Bradstreet or SBFE","yes"
"new","Community First Bank","","","1","TransUnion","yes"
"new","Community Resource Bank","","","1","Dun & Bradstreet or SBFE","yes"
"new","Community Savings Bank - Chicago, IL","","","1","TransUnion,Dun & Bradstreet or SBFE","yes"
"new","Community Savings Bank - Galva, IL","","","1","TransUnion,Dun & Bradstreet or SBFE","yes"
"new","Community State Bank","","","1","Experian","yes"
"new","Community State Bank of Rock Falls","","","1","All 3","yes"
"new","Community West Bank","","","1","TransUnion,Dun & Bradstreet or SBFE","yes"
"new","Congressional Bank","","","1","TransUnion,Dun & Bradstreet or SBFE","yes"
"new","Connect Community Bank was Raymond Federal Bank","","","1","TransUnion,Dun & Bradstreet or SBFE","yes"
"new","Connecticut Community Bank, N.A.","","","1","Experian","yes"
"new","ConnectOne Bank","","","1","Experian","yes"
"new","CONNEX","","","1","TransUnion,Dun & Bradstreet or SBFE","yes"
"new","Connex Credit Union","","","1","TransUnion,Dun & Bradstreet or SBFE","yes"
"new","Connexus Credit Union","","","1","TransUnion,Dun & Bradstreet or SBFE","yes"
"new","COPPER STATE","","","2","Experian / TransUnion,Dun & Bradstreet or SBFE","yes"
"new","Corydon State Bank","","","1","Experian","yes"
"new","Cosden Federal Credit Union","","","1","TransUnion,Equifax,Dun & Bradstreet or SBFE","yes"
"new","Country Club Bank","","","1","TransUnion","yes"
"new","County Bank","","","1","Dun & Bradstreet or SBFE","yes"
"new","County National Bank","","","1","TransUnion","yes"
"new","Countybank","","","1","TransUnion","yes"
"new","cPort Credit Union","","","1","Dun & Bradstreet or SBFE,TransUnion","yes"
"new","CREDIT UNION ONE","","","1","TransUnion,Dun & Bradstreet or SBFE","yes"
"new","Crews Bank & Trust ( Wauchula State Bank)","","","1","Dun & Bradstreet or SBFE,Equifax","yes"
"new","CROSS VALLEY","","","2","TransUnion,Dun & Bradstreet or SBFE","yes"
"new","Cumberland Security Bank, Inc.","","","1","Experian","yes"
"new","Dairy State Bank","","","1","TransUnion","yes"
"new","Dedham Savings","","","1","TransUnion","yes"
"new","Deerwood Bank","","","1","All 3","yes"
"new","Denver Savings Bank","","","1","TransUnion","yes"
"new","DIME","","","1","TransUnion,Dun & Bradstreet or SBFE","yes"
"new","Dime Bank","","","1","TransUnion,Dun & Bradstreet or SBFE","yes"
"new","Dime Community Bank","","","1","TransUnion,Dun & Bradstreet or SBFE","yes"
"new","Eagle Bank","","","1","Experian,Dun & Bradstreet or SBFE","yes"
"new","Eagle Bank and Trust Company","","","1","TransUnion","yes"
"new","Eagle Rock Bank","","","1","All 3","yes"
"new","EagleBank","","","1","TransUnion,Dun & Bradstreet or SBFE","yes"
"new","East Cambridge Savings Bank","","","1","TransUnion","yes"
"new","Eastern Michigan Bank","","","1","TransUnion","yes"
"new","Easthampton Savings Bank","","","1","TransUnion","yes"
"new","Eaton Community Bank","","","1","TransUnion","yes"
"new","Elevations","","","1","Experian,Dun & Bradstreet or SBFE","yes"
"new","ELKO","","","1","TransUnion,Dun & Bradstreet or SBFE","yes"
"new","EntreBank","","","1","Experian","yes"
"new","ESSA Bank & Trust","","","1","All 3","yes"
"new","Everett Co-operative Bank","","","1","All 3","yes"
"new","Excel Bank - a tradename of EH National Bank","","","1","TransUnion,Dun & Bradstreet or SBFE","yes"
"new","Exchange Bank","","","2","TransUnion,Dun & Bradstreet or SBFE","yes"
"new","Exchange Bank and Trust Company","","","1","TransUnion,Experian,Dun & Bradstreet or SBFE","yes"
"new","F & M Community Bank, National Association","","","1","TransUnion,Dun & Bradstreet or SBFE","yes"
"new","F&M Bank","","","1","All 3,Dun & Bradstreet or SBFE","yes"
"new","Fahey Bank","","","1","TransUnion","yes"
"new","FAIRWINDS","","","1","Equifax","yes"
"new","Fairwinds Credit Union","","","1","Equifax","yes"
"new","FALL RIVER MUNICIPAL","","","1","TransUnion","yes"
"new","Farmers & Merchants Bank & Trust","","","1","All 3,Dun & Bradstreet or SBFE","yes"
"new","Farmers & Merchants Bank of Colby","","","1","Experian,Equifax","yes"
"new","Farmers & Merchants Bank, CA","","","1","Experian,Dun & Bradstreet or SBFE","yes"
"new","Farmers & Merchants Bank, MD","","","1","Equifax","yes"
"new","Farmers & Merchants State Bank of New York Mills, Incorporated","","","1","All 3","yes"
"new","Farmers and Merchants Bank of St. Clair","","","1","Experian","yes"
"new","Farmers Bank & Trust","","","1","TransUnion","yes"
"new","Farmers Bank and Trust Company","","","1","TransUnion,Dun & Bradstreet or SBFE","yes"
"new","Farmers State Bank of Alto Pass, Ill.","","","1","TransUnion,Dun & Bradstreet or SBFE","yes"
"new","Farmers State Bank of Brush","","","1","Experian","yes"
"new","Farmers Trust and Savings Bank","","","1","All 3","yes"
"new","FASNY","","","1","TransUnion,Dun & Bradstreet or SBFE","yes"
"new","FCB Banks","","","1","TransUnion,Dun & Bradstreet or SBFE","yes"
"new","Federation Bank","","","1","Experian","yes"
"new","Fidelity Bank","","","1","TransUnion","yes"
"new","Fidelity Co-Operative Bank","","","1","Experian,Dun & Bradstreet or SBFE","yes"
"new","Fidelity Deposit and Discount Bank","","","1","TransUnion","yes"
"new","Fidelity State Bank and Trust Company","","","1","All 3","yes"
"new","First Bank & Trust Co.","","","1","TransUnion","yes"
"new","First Bank of NJ","","","1","Dun & Bradstreet or SBFE,All 3","yes"
"new","First Bank Virginia","","","1","Experian","yes"
"new","First Bank, Upper Michigan","","","1","Experian","yes"
"new","First Citizens Community Bank","","","1","Experian","yes"
"new","First Citizens National Bank","","","1","TransUnion,Dun & Bradstreet or SBFE","yes"
"new","First Citizens State Bank","","","1","TransUnion,Dun & Bradstreet or SBFE","yes"
"new","First Commerce Bank, Kansas","","","1","All 3,Dun & Bradstreet or SBFE","yes"
"new","First Commerce Bank, NJ","","","1","Experian,Dun & Bradstreet or SBFE","yes"
"new","First Community Bank of Hillsboro","","","1","All 3","yes"
"new","First Community Bank, TX","","","1","All 3,Dun & Bradstreet or SBFE","yes"
"new","First Community Bank, Xenia-Flora","","","1","All 3","yes"
"new","First County Bank","","","1","TransUnion,Dun & Bradstreet or SBFE","yes"
"new","First Credit Union","","","1","Experian","yes"
"new","First Entertainment Credit Union","","","1","Experian","yes"
"new","First Farmers & Merchants Bank","","","1","All 3,Dun & Bradstreet or SBFE","yes"
"new","First Farmers & Merchants Bank., TN","","","1","All 3,Dun & Bradstreet or SBFE","yes"
"new","First Farmers Bank","","","1","All 3","yes"
"new","First Farmers Bank & Trust Co.","","","1","Experian","yes"
"new","First Federal Bank & Trust","","","1","TransUnion,Dun & Bradstreet or SBFE","yes"
"new","First Federal Bank of Twin Falls","","","1","All 3,Dun & Bradstreet or SBFE","yes"
"new","First Federal Bank of Wisconsin","","","1","All 3,Dun & Bradstreet or SBFE","yes"
"new","First Federal Community Bank","","","1","TransUnion,Dun & Bradstreet or SBFE","yes"
"new","First Federal Savings and Loan Association of Delta","","","1","TransUnion,Dun & Bradstreet or SBFE","yes"
"new","First Federal Savings Bank of Indiana","","","1","TransUnion,Dun & Bradstreet or SBFE","yes"
"new","First Federal Savings of Ohio","","","1","Experian","yes"
"new","First Financial Bank","","","1","TransUnion","yes"
"new","First Financial Northwest Bank","","","1","All 3,Dun & Bradstreet or SBFE,TransUnion","yes"
"new","First Foundation Bank","","","2","Equifax / All 3","yes"
"new","First Hope Bank","","","1","TransUnion,Dun & Bradstreet or SBFE","yes"
"new","First Horizon Bank","First Horizon Bank","","1","Experian","yes"
"new","First Keystone Community Bank","","","1","TransUnion","yes"
"new","First Liberty Bank","","","1","All 3","yes"
"new","First Merchants Bank","","","1","TransUnion,Dun & Bradstreet or SBFE","yes"
"new","First Mid & Bank Trust","","","1","TransUnion,Experian","yes"
"new","First National Bank of Louisburg","","","1","Experian","yes"
"new","First National Bank of Moose Lake","","","1","Experian","yes"
"new","First National Bank, Ames, Iowa","","","1","TransUnion","yes"
"new","First National Bank, Cortez","","","1","All 3","yes"
"new","First National Community Bank","","","1","Experian","yes"
"new","First Northern Bank of Dixon","","","1","All 3,Dun & Bradstreet or SBFE","yes"
"new","First Oklahoma Bank","","","1","Dun & Bradstreet or SBFE,All 3","yes"
"new","First Port City Bank","","","1","TransUnion","yes"
"new","FIRST PRIORITY","","","1","TransUnion,Dun & Bradstreet or SBFE","yes"
"new","First Robinson Savings Bank, National Association","","","1","Experian","yes"
"new","First Secure Community Bank","","","1","Experian","yes"
"new","First Southwest Bank","","","1","Dun & Bradstreet or SBFE,Experian","yes"
"new","First State Bank and Trust","","","1","TransUnion,Dun & Bradstreet or SBFE","yes"
"new","First State Bank of DeQueen","","","1","Experian","yes"
"new","First State Bank of Florida","","","1","TransUnion","yes"
"new","First State Bank of St. Charles, Missouri","","","1","All 3","yes"
"new","First State Bank of the Florida Keys","","","1","Equifax,Dun & Bradstreet or SBFE","yes"
"new","First State Bank of Wyoming","","","1","Experian","yes"
"new","First State Bank, OH","","","1","TransUnion,Dun & Bradstreet or SBFE","yes"
"new","First United Bank","","","1","TransUnion,Dun & Bradstreet or SBFE","yes"
"new","First US Bank","","","1","Experian","yes"
"new","First Western Bank","","","1","Experian","yes"
"new","Five Points Bank","","","1","TransUnion,Dun & Bradstreet or SBFE","yes"
"new","Five Star Bank","","","1","Experian,Dun & Bradstreet or SBFE","yes"
"new","Flagship Bank","","","1","Equifax","yes"
"new","Flagstar Bank, National Association","","","1","Experian,Equifax","yes"
"new","FLINT","","","1","TransUnion,Dun & Bradstreet or SBFE","yes"
"new","Flint Community Bank","","","1","Equifax,Dun & Bradstreet or SBFE","yes"
"new","Flushing Bank","","","1","TransUnion,Dun & Bradstreet or SBFE","yes"
"new","Fm Bank And Trust","","","1","Experian,Dun & Bradstreet or SBFE","yes"
"new","FMB Bank","","","1","Experian","yes"
"new","FMB of St.Clair","","","1","Equifax,Dun & Bradstreet or SBFE","yes"
"new","FNBC Bank","","","1","All 3","yes"
"new","FOOTHILLS","","","1","Experian","yes"
"new","Forward Bank","","","1","TransUnion","yes"
"new","Fourth Capital A Division of Volunteer State Bank","","","1","All 3,Dun & Bradstreet or SBFE","yes"
"new","Fox Valley Savings Bank","","","1","All 3,Dun & Bradstreet or SBFE","yes"
"new","Frandsen Bank & Trust","","","1","TransUnion,Equifax,Dun & Bradstreet or SBFE","yes"
"new","Franklin Mint Federal Credit Union","","","1","Experian,Dun & Bradstreet or SBFE","yes"
"new","Franklin Savings Bank","","","1","All 3,Dun & Bradstreet or SBFE","no"
"new","Freedom Bank of NJ","","","1","Experian,Dun & Bradstreet or SBFE","yes"
"new","Fremont Bank","","","1","Experian","yes"
"new","FVC Bank","","","1","Experian","yes"
"new","FVCbank","","","1","Experian","yes"
"new","Gateway Bank","","","1","All 3,Dun & Bradstreet or SBFE","yes"
"new","GBC International Bank","","","1","Experian","yes"
"new","Generations Bank","","","1","Experian,Dun & Bradstreet or SBFE","yes"
"new","Germantown Trust & Savings Bank","","","1","All 3","yes"
"new","Gorham Savings Bank","","","1","Experian,Equifax","yes"
"new","Grand Bank","","","1","Experian","yes"
"new","Great Lakes Credit Union","","","1","TransUnion,Dun & Bradstreet or SBFE","yes"
"new","Great Midwest Bank","","","1","TransUnion","yes"
"new","Green Belt Bank & Trust","","","1","Equifax,Dun & Bradstreet or SBFE","yes"
"new","Greenfield Cooperative Bank and Northampton Cooperative Bank","","","1","Dun & Bradstreet or SBFE,Experian","yes"
"new","GreenLeaf Bank","","","1","TransUnion,Dun & Bradstreet or SBFE","yes"
"new","Greenville National Bank","","","1","Experian","yes"
"new","Grinnell State Bank","","","1","Experian,TransUnion","yes"
"new","Guaranty Bank","","","1","Experian","yes"
"new","Guaranty Bank & Trust, N.A.","","","1","Equifax","yes"
"new","Guardian Savings Bank","","","1","TransUnion,Dun & Bradstreet or SBFE","yes"
"new","Hana Bank USA, N.A","","","1","Experian","yes"
"new","Hana Bank USA, National Association","","","1","Experian","yes"
"new","Hanover Community Bank","","","1","Experian","yes"
"new","HarborOne Bank","","","1","TransUnion,Dun & Bradstreet or SBFE","yes"
"new","Harford Bank","","","1","Experian","yes"
"new","Haverhill Bank","","","1","Experian,Dun & Bradstreet or SBFE","yes"
"new","Hawaii National Bank","","","1","TransUnion,Dun & Bradstreet or SBFE","yes"
"new","Heartland Credit Union","","","1","TransUnion,Dun & Bradstreet or SBFE","yes"
"new","Heritage Bank of St. Tammany","","","1","Experian","yes"
"new","Heritage Financial Credit Union","","","1","All 3","yes"
"new","Highlands Community Bank","","","1","Experian","yes"
"new","Highpoint Community Bank","","","2","TransUnion,Dun & Bradstreet or SBFE / TransUnion","yes"
"new","Hilltop National Bank","","","1","TransUnion","yes"
"new","HNB National Bank","","","1","TransUnion,Dun & Bradstreet or SBFE","yes"
"new","Home Federal Bank","","","2","TransUnion,Dun & Bradstreet or SBFE / All 3,Dun & Bradstreet or SBFE","yes"
"new","Home Trust Bank","","","1","TransUnion,Dun & Bradstreet or SBFE","yes"
"new","HOMEFIELD","","","1","TransUnion","yes"
"new","Homestead Bank","","","1","TransUnion,Dun & Bradstreet or SBFE","yes"
"new","HomeStreet Bank","","","1","All 3","yes"
"new","HomeTown Bank","","","1","Experian","yes"
"new","HomeTrust Bank","","","1","TransUnion,Dun & Bradstreet or SBFE","yes"
"new","Houghton State Bank","","","2","Experian / Experian,Equifax","yes"
"new","Huron Community Bank","","","1","Experian","yes"
"new","Huron Valley State Bank","","","1","All 3,Dun & Bradstreet or SBFE","yes"
"new","Hyperion Bank","","","1","TransUnion,Dun & Bradstreet or SBFE","yes"
"new","Icon Business Bank","","","1","Experian","yes"
"new","Idaho Trust Bank","","","1","All 3,Dun & Bradstreet or SBFE","yes"
"new","Illinois State Credit Union","","","1","TransUnion","yes"
"new","IncredibleBank","","","1","All 3,Dun & Bradstreet or SBFE,TransUnion","yes"
"new","InFirst Bank","","","1","TransUnion,Dun & Bradstreet or SBFE","yes"
"new","Inland Federal Credit Union","","","1","Experian,Dun & Bradstreet or SBFE","yes"
"new","INSOUTH Bank","","","1","Experian","yes"
"new","Integrity Bank SSB","","","1","Experian","yes"
"new","Integro Bank","","","1","All 3","yes"
"new","International Bank of Commerce","","","1","Experian","yes"
"new","Ion Bank","","","1","TransUnion,Dun & Bradstreet or SBFE","yes"
"new","Iowa State Bank and Trust Company of Fairfield, Iowa","","","1","Experian","yes"
"new","Iowa Trust and Savings Bank","","","1","TransUnion","yes"
"new","IRCO COMMUNITY","","","1","Equifax,TransUnion,Dun & Bradstreet or SBFE","yes"
"new","Italo-American Federal CU","","","1","Experian,Dun & Bradstreet or SBFE","yes"
"new","Ives Bank","","","1","TransUnion,Dun & Bradstreet or SBFE","yes"
"new","Jeff Bank","","","1","Experian,Dun & Bradstreet or SBFE","yes"
"new","Jersey Shore State Bank","","","1","TransUnion,Dun & Bradstreet or SBFE","yes"
"new","Johnson Financial Group","","","1","All 3,Dun & Bradstreet or SBFE","yes"
"new","Jones Bank","","","1","Experian","yes"
"new","Journey Bank","","","1","TransUnion,Dun & Bradstreet or SBFE","yes"
"new","KEMBA FINANCIAL","","","1","TransUnion","yes"
"new","Kennebunk Savings","","","1","All 3,Dun & Bradstreet or SBFE","yes"
"new","Kensington Bank","","","1","TransUnion,Dun & Bradstreet or SBFE","yes"
"new","Kirkwood Bank & Trust","","","1","All 3,Dun & Bradstreet or SBFE","yes"
"new","Kirkwood Bank & Trust Co.","","","1","TransUnion,Dun & Bradstreet or SBFE","yes"
"new","L & N","","","1","TransUnion","yes"
"new","L&N EMPLOYEES","","","1","Equifax","yes"
"new","LA Financial Credit Union","","","1","Experian,TransUnion,Dun & Bradstreet or SBFE","yes"
"new","La Salle State Bank","","","1","TransUnion,Dun & Bradstreet or SBFE","yes"
"new","Lake Central Bank","","","1","TransUnion,Dun & Bradstreet or SBFE","yes"
"new","Lake City Bank","","","1","TransUnion","yes"
"new","Lakeland Bank","","","1","Experian,Dun & Bradstreet or SBFE","yes"
"new","Lamar National Bank","","","1","Experian","yes"
"new","LAMPCO","","","1","TransUnion,Dun & Bradstreet or SBFE","yes"
"new","Lampco Federal Credit Union","","","1","TransUnion,Dun & Bradstreet or SBFE","yes"
"new","LCNB National Bank","","","1","TransUnion","yes"
"new","LEE","","","1","TransUnion,Dun & Bradstreet or SBFE","yes"
"new","Lee Bank","","","1","Experian,Dun & Bradstreet or SBFE","yes"
"new","Lena State Bank","","","1","Experian","yes"
"new","Leominster Credit Union","","","1","Experian,Dun & Bradstreet or SBFE","yes"
"new","Liberty Bank Minnesota","","","1","All 3,Dun & Bradstreet or SBFE","yes"
"new","Lincoln Savings Bank","","","1","TransUnion,Experian","yes"
"new","Little Horn State Bank","","","1","TransUnion,Dun & Bradstreet or SBFE","yes"
"new","Lone Star National Bank","","","1","TransUnion","yes"
"new","Luana Savings Bank","","","1","Experian,Equifax","yes"
"new","Lumbee Guaranty Bank","","","1","TransUnion","yes"
"new","Macatawa Bank","","","1","TransUnion","yes"
"new","Machias Savings Bank","","","1","Experian","yes"
"new","Main Street Bank","","","1","TransUnion","yes"
"new","Maine Community Bank","","","1","All 3,Dun & Bradstreet or SBFE","yes"
"new","Maine Solutions Credit Union","","","1","All 3,Dun & Bradstreet or SBFE","yes"
"new","Manasquan Bank","","","1","Experian,Dun & Bradstreet or SBFE","yes"
"new","Manhattan Bank","","","1","Experian","yes"
"new","Marine Bank","","","1","Experian","yes"
"new","Marion Community Bank","","","1","Experian","yes"
"new","Marquette Bank","","","1","TransUnion,Dun & Bradstreet or SBFE","yes"
"new","Martha's Vineyard Bank","","","1","Experian","yes"
"new","Maspeth Federal Savings","","","1","Experian","yes"
"new","MATADORS COMMUNITY","","","1","TransUnion,Dun & Bradstreet or SBFE","yes"
"new","Matadors Community Credit Union","","","1","Experian,Dun & Bradstreet or SBFE","yes"
"new","MCS Bank","","","1","Experian","yes"
"new","Members 1st Federal Credit Union","","","1","TransUnion,Dun & Bradstreet or SBFE","yes"
"new","Members Cooperative Credit Union","","","1","All 3,Dun & Bradstreet or SBFE","yes"
"new","Merchants & Marine Bank","","","1","TransUnion,Dun & Bradstreet or SBFE","yes"
"new","Merchants and Planters Bank","","","1","TransUnion,Dun & Bradstreet or SBFE","yes"
"new","Merchants State Bank","","","1","TransUnion","yes"
"new","Meriwest Credit Union","","","1","All 3,Dun & Bradstreet or SBFE","yes"
"new","Merrimack County Savings Bank","","","1","Experian","yes"
"new","Metco Credit Union","","","1","All 3,Dun & Bradstreet or SBFE","yes"
"new","MidCountry Bank","","","1","TransUnion","yes"
"new","Middlesex Savings Bank","","","1","Experian,Dun & Bradstreet or SBFE","yes"
"new","Middletown Valley Bank","","","1","TransUnion,Dun & Bradstreet or SBFE","yes"
"new","Midland State Bank","","","1","TransUnion,Dun & Bradstreet or SBFE","yes"
"new","Midland States Bank","","","1","TransUnion,Dun & Bradstreet or SBFE","yes"
"new","MidWest America Federal Credit Union","","","1","TransUnion,Dun & Bradstreet or SBFE","yes"
"new","Midwest Bank","","","1","All 3,Dun & Bradstreet or SBFE","yes"
"new","Midwest National Bank","","","1","Experian","yes"
"new","Mifflinburg Bank and Trust Company","","","1","TransUnion,Dun & Bradstreet or SBFE","yes"
"new","Minster Bank","","","1","TransUnion,Dun & Bradstreet or SBFE","yes"
"new","Mission Bank","","","1","Experian","yes"
"new","MNB","","","1","TransUnion,Dun & Bradstreet or SBFE","yes"
"new","Modern Banking Group (MBG)","","","1","Experian","yes"
"new","Mokelumne Federal Credit Union","","","1","Experian,Dun & Bradstreet or SBFE","yes"
"new","Monson Savings","","","1","Experian","yes"
"new","MONTANA EDUCATORS’","","","2","TransUnion","yes"
"new","Montgomery Bank","","","1","Equifax,Dun & Bradstreet or SBFE","yes"
"new","Mount Vernon Bank & Trust Company","","","2","All 3,Dun & Bradstreet or SBFE / TransUnion,Dun & Bradstreet or SBFE","yes"
"new","Mountain View Bank of Commerce","","","1","Experian,Dun & Bradstreet or SBFE","yes"
"new","MountainOne Bank","","","1","Experian,Dun & Bradstreet or SBFE","yes"
"new","MVB Bank","","","1","TransUnion","yes"
"new","My Kind of Bank - First National Bank","","","1","TransUnion","yes"
"new","National Bank of Middlebury","","","1","Experian","yes"
"new","NAVIGANT","","","1","TransUnion","yes"
"new","NBT Bank","NBT Bank","","1","TransUnion,Dun & Bradstreet or SBFE","yes"
"new","Nebraska State Bank","","","1","Experian","yes"
"new","NebraskaLand Bank","","","1","All 3,Dun & Bradstreet or SBFE,TransUnion","yes"
"new","Neighborhood National Bank","","","1","Experian","yes"
"new","New Dimensions Federal Credit Union","","","1","All 3,Dun & Bradstreet or SBFE","yes"
"new","New Mexico Bank & Trust","","","1","Experian","yes"
"new","New Tripoli Bank","","","1","Experian","yes"
"new","New Valley Bank & Trust","","","1","Experian","yes"
"new","Newburyport Bank","","","1","TransUnion,Dun & Bradstreet or SBFE","yes"
"new","Newburyport Five Cents Savings Bank","","","1","All 3,Dun & Bradstreet or SBFE","yes"
"new","Newton Savings Bank","","","1","Experian","yes"
"new","Newtown Savings Bank","","","3","Experian / Experian,Equifax","yes"
"new","Nodaway Valley Bank","","","1","All 3,Dun & Bradstreet or SBFE","yes"
"new","North Georgia National Bank","","","1","Experian","yes"
"new","North Shore Bank, a Co-operative Bank","","","1","All 3,Dun & Bradstreet or SBFE","yes"
"new","Northeast Bank","","","1","TransUnion","yes"
"new","NorthEast Community Bank","","","1","All 3","yes"
"new","NORTHERN HILLS","","","1","TransUnion,Dun & Bradstreet or SBFE","yes"
"new","Northern Lights Credit Union","","","1","All 3,Dun & Bradstreet or SBFE","yes"
"new","Northstar Bank","","","1","TransUnion","yes"
"new","Northway Bank","","","1","All 3,Dun & Bradstreet or SBFE","yes"
"new","O AND R UTILITIES EMPLOYEES","","","1","TransUnion,Dun & Bradstreet or SBFE","yes"
"new","Oak View National Bank","","","1","Experian","yes"
"new","OCEAN FIRST BANK","","","1","TransUnion,Dun & Bradstreet or SBFE","yes"
"new","Ohio State Bank","","","1","Experian","yes"
"new","Ohnward Bank & Trust","","","1","Experian","yes"
"new","Oklahoma Central Credit Union","","","1","All 3,Dun & Bradstreet or SBFE","yes"
"new","Old Dominion National Bank","","","1","All 3","yes"
"new","Old Fort Banking","","","1","TransUnion","yes"
"new","Old Second National Bank","","","1","TransUnion","yes"
"new","Olympia Federal Savings","","","1","TransUnion,Dun & Bradstreet or SBFE","yes"
"new","One Source Federal Credit Union","","","1","All 3,Dun & Bradstreet or SBFE","yes"
"new","Oostburg State Bank","","","2","All 3,Dun & Bradstreet or SBFE / TransUnion,Dun & Bradstreet or SBFE","yes"
"new","OREGON COMMUNITY","","","1","TransUnion","yes"
"new","Orrstown Bank","","","1","TransUnion,Dun & Bradstreet or SBFE","yes"
"new","Owen County State Bank","","","1","Experian","yes"
"new","Oxford Bank","","","1","TransUnion","yes"
"new","PACIFIC CASCADE","","","1","TransUnion,Dun & Bradstreet or SBFE","yes"
"new","Pacific Cascade Federal Credit Union","","","1","All 3,Dun & Bradstreet or SBFE","yes"
"new","Pacific Crest Bank","","","1","TransUnion,Dun & Bradstreet or SBFE","yes"
"new","Pacific Crest Savings Bank","","","1","TransUnion,Dun & Bradstreet or SBFE","yes"
"new","Pacific West Bank","","","1","TransUnion","yes"
"new","Park National Bank","","","1","Equifax,Dun & Bradstreet or SBFE,TransUnion","yes"
"new","Parkway Bank","","","1","TransUnion,Dun & Bradstreet or SBFE","yes"
"new","PCSB Bank","","","1","TransUnion,Dun & Bradstreet or SBFE","yes"
"new","Peapack Private Bank & Trust","","","1","All 3","yes"
"new","Peapack-gladstone Bank","","","1","TransUnion,Dun & Bradstreet or SBFE","yes"
"new","Pendleton Community Bank, Inc.","","","1","Experian","yes"
"new","Penlanco Federal Credit Union","","","1","TransUnion,Dun & Bradstreet or SBFE","yes"
"new","Penn Community Bank","","","1","TransUnion","yes"
"new","Pentucket Bank","","","1","All 3","yes"
"new","Peoples National Bank","","","1","TransUnion,Dun & Bradstreet or SBFE","yes"
"new","Peoples Savings Bank","","","1","Experian","yes"
"new","Peoples Security Bank & Trust","","","1","TransUnion","yes"
"new","Peoples State Bank","","","2","TransUnion / Experian,Dun & Bradstreet or SBFE","yes"
"new","Peoples Trust and Savings Bank","","","2","All 3 / Experian","yes"
"new","PeoplesBank","","","1","TransUnion","yes"
"new","Peshtigo National Bank","","","1","All 3,Dun & Bradstreet or SBFE","yes"
"new","Pikes Peak Credit Union","","","1","All 3,Dun & Bradstreet or SBFE","yes"
"new","Pikes Peak National Bank","","","1","Experian","yes"
"new","Pine River State Bank","","","1","All 3,Dun & Bradstreet or SBFE","yes"
"new","Pinnacle Credit Union","","","1","Equifax,Experian,Dun & Bradstreet or SBFE","yes"
"new","Pioneer Bank","","","1","TransUnion","yes"
"new","Pioneer Bank & Trust","","","1","TransUnion","yes"
"new","PlainsCapital Bank","","","1","TransUnion","yes"
"new","PLANTERS","","","1","TransUnion,Dun & Bradstreet or SBFE","yes"
"new","Planters Bank & Trust Company","","","1","TransUnion,Dun & Bradstreet or SBFE","yes"
"new","Poppy Bank","","","1","TransUnion,Dun & Bradstreet or SBFE","yes"
"new","Port Washington State Bank","","","1","All 3,Dun & Bradstreet or SBFE","yes"
"new","Powell Valley National Bank","","","1","Equifax","yes"
"new","PREFERRED","","","1","Experian,Dun & Bradstreet or SBFE","yes"
"new","Prevail Bank","","","1","TransUnion","yes"
"new","Primary Bank","","","1","Equifax,TransUnion,Dun & Bradstreet or SBFE","yes"
"new","PrimeWay Federal Credit Union","","","1","All 3,Dun & Bradstreet or SBFE","yes"
"new","Primis Bank","","","1","Experian","yes"
"new","Priority Bank","","","1","TransUnion","yes"
"new","Priority One Bank","","","1","Experian","yes"
"new","Provident State Bank","","","1","TransUnion,Dun & Bradstreet or SBFE","yes"
"new","PUBLIC SERVICE","","","1","TransUnion,Dun & Bradstreet or SBFE","yes"
"new","Public Service Credit Union","","","1","All 3,Dun & Bradstreet or SBFE","yes"
"new","Quail Creek Bank","","","1","Experian","yes"
"new","Queensborough National Bank","","","1","TransUnion","yes"
"new","Queensborough National Bank & Trust Company","","","2","Equifax / TransUnion","yes"
"new","Range Bank","","","1","TransUnion","yes"
"new","RCB Bank","","","1","Experian","yes"
"new","RED RIVER","","","1","Equifax","yes"
"new","Redstone Bank","","","1","Experian","yes"
"new","Redwood Capital Bank","","","1","Experian","yes"
"new","Reliance Bank","","","1","All 3,Dun & Bradstreet or SBFE","yes"
"new","Relyance Bank","","","1","TransUnion","yes"
"new","Renasant Bank","","","1","Equifax,Experian,Dun & Bradstreet or SBFE","yes"
"new","Republic Bank of Arizona","","","1","All 3","yes"
"new","RESOURCE","","","1","Equifax","yes"
"new","Ridgewood Savings Bank","","","1","TransUnion","yes"
"new","RiverHills Bank","","","1","Experian","yes"
"new","Rivertrust Federal Credit Union","","","1","All 3,Dun & Bradstreet or SBFE","yes"
"new","RIVERVIEW","","","1","TransUnion,Equifax,Dun & Bradstreet or SBFE","yes"
"new","Riverview Credit Union","","","1","TransUnion,Dun & Bradstreet or SBFE","yes"
"new","Riverwind Bank","","","1","Equifax","yes"
"new","RiverWood Bank","","","1","TransUnion,Equifax,Dun & Bradstreet or SBFE","yes"
"new","Rockland Trust Company","","","1","TransUnion,Dun & Bradstreet or SBFE","yes"
"new","RockPoint Bank","","","1","Experian","yes"
"new","Rocky Mountain Bank & Trust","","","1","Experian","yes"
"new","Rolling Hills Bank & Trust","","","1","TransUnion","yes"
"new","Rollstone Bank & Trust","","","1","Experian,Dun & Bradstreet or SBFE","yes"
"new","Root River State Bank","","","1","TransUnion,Dun & Bradstreet or SBFE","yes"
"new","Rosedale Federal Savings & Loan Association","","","1","Equifax,Dun & Bradstreet or SBFE","yes"
"new","Royal Bank","","","2","TransUnion,Dun & Bradstreet or SBFE / TransUnion","yes"
"new","Royal Business Bank","","","1","TransUnion,Dun & Bradstreet or SBFE","yes"
"new","Russell Country Federal Credit Union","","","1","All 3,Dun & Bradstreet or SBFE","yes"
"new","Saco & Biddeford","","","1","Experian","yes"
"new","Salem Five Cents Savings Bank","","","1","TransUnion,Dun & Bradstreet or SBFE","yes"
"new","Sanibel Captiva Community Bank","","","1","Experian","yes"
"new","SaviBank","","","1","TransUnion","yes"
"new","SCIENT","","","1","TransUnion,Dun & Bradstreet or SBFE","yes"
"new","Seacoast National Bank","","","1","TransUnion,Dun & Bradstreet or SBFE","yes"
"new","Seamen's Bank","","","1","Experian","yes"
"new","Seaside National Bank & Trust","","","1","TransUnion","yes"
"new","SECNY","","","1","TransUnion,Dun & Bradstreet or SBFE","yes"
"new","Security Bank","","","2","Experian / TransUnion,Dun & Bradstreet or SBFE","yes"
"new","Security Bank & Trust Co,","","","1","All 3,Dun & Bradstreet or SBFE","yes"
"new","Security Bank Midwest","","","1","Experian","yes"
"new","Security First Bank","","","1","TransUnion,Dun & Bradstreet or SBFE","yes"
"new","Security State Bank of Aitkin","","","1","Experian","yes"
"new","Security State Bank of Marine","","","1","TransUnion,Dun & Bradstreet or SBFE","yes"
"new","Seneca Savings Bank, National Association","","","1","Experian,Equifax,Dun & Bradstreet or SBFE","yes"
"new","Sharon & Crescent United Credit Union","","","1","Experian","yes"
"new","Sharon Bank","","","2","Experian","yes"
"new","SHARONVIEW","","","1","TransUnion,Dun & Bradstreet or SBFE","yes"
"new","Shelby State Bank","","","1","All 3,Dun & Bradstreet or SBFE","yes"
"new","Shore United Bank","","","1","Equifax","yes"
"new","Signal Financial Federal Credit Union","","","1","Equifax","yes"
"new","Signature Bank of Georgia","","","1","Experian","yes"
"new","Skowhegan Savings Bank","","","1","All 3,Dun & Bradstreet or SBFE","yes"
"new","Skyone","","","1","TransUnion","yes"
"new","SmartBank","","","1","Equifax,Experian,Dun & Bradstreet or SBFE","yes"
"new","SMBC MANUBANK","","","1","Experian,TransUnion,Dun & Bradstreet or SBFE","yes"
"new","SOLIDARITY COMMUNITY","","","1","TransUnion,Dun & Bradstreet or SBFE","yes"
"new","Somerville Bank","","","1","Experian","yes"
"new","Sound Community Bank","","","1","Experian,Equifax","yes"
"new","South Central Bank","","","1","All 3","yes"
"new","South Georgia Banking Company","","","1","TransUnion","yes"
"new","South Shore bank","","","1","Experian","yes"
"new","Southbridge Credit Union","","","1","Experian,Dun & Bradstreet or SBFE","yes"
"new","SouthEast Bank","","","1","All 3,Dun & Bradstreet or SBFE","yes"
"new","Southeastern Bank","","","1","Experian","yes"
"new","Southern Hills Community Bank","","","1","Experian","yes"
"new","Southern Michigan Bank and Trust","","","1","All 3","yes"
"new","Southwest Heritage Bank","","","1","https://app.thecardservicescenter.com/SelectionBusiness/index/0462,Equifax","yes"
"new","Spectra CU","","","1","Equifax","yes"
"new","Spencer Savings Bank","","","1","TransUnion,Dun & Bradstreet or SBFE","yes"
"new","St. Johns Bank & Trust","","","1","TransUnion","yes"
"new","ST. MARY'S BANK","","","1","TransUnion","yes"
"new","St. Mary’s Credit Union","","","1","Experian,Dun & Bradstreet or SBFE","yes"
"new","STAR Financial Bank","","","2","TransUnion,Dun & Bradstreet or SBFE / TransUnion","yes"
"new","State Bank","","","1","Experian","yes"
"new","State Bank Financial","","","1","TransUnion,Dun & Bradstreet or SBFE","yes"
"new","State Bank of Cherry","","","1","Experian","yes"
"new","State Bank of Toulon","","","1","Experian","yes"
"new","State Central Bank","","","1","Experian","yes"
"new","Stearns Bank National Association","","","1","Equifax","yes"
"new","Stearns Financial Services, Inc.","","","1","TransUnion","yes"
"new","Sterling State Bank","","","2","TransUnion / TransUnion,Dun & Bradstreet or SBFE","yes"
"new","Stride Bank","","","1","Experian","yes"
"new","Sturgis Bank & Trust Company","","","1","All 3,Dun & Bradstreet or SBFE","yes"
"new","SULLIVAN BANK","","","1","TransUnion,Dun & Bradstreet or SBFE","yes"
"new","Sunrise Bank","","","1","All 3,Dun & Bradstreet or SBFE","yes"
"new","SUPERIOR CHOICE","","","1","Experian,Dun & Bradstreet or SBFE","yes"
"new","Superior National Bank","","","1","TransUnion","yes"
"new","TELHIO","","","1","TransUnion,Dun & Bradstreet or SBFE","yes"
"new","TENNESSEE MEMBERS 1ST","","","1","TransUnion,Dun & Bradstreet or SBFE","yes"
"new","Territorial Savings Bank","","","1","TransUnion,Dun & Bradstreet or SBFE","yes"
"new","TEXAS DOW EMPLOYEES","","","1","Experian","yes"
"new","The Apple Creek Banking Company","","","1","Experian","yes"
"new","The Bank","","","1","All 3","yes"
"new","The Bank of Canton","","","1","Experian","yes"
"new","The Bank of Herrin","","","1","TransUnion,Dun & Bradstreet or SBFE","yes"
"new","The Bank of Landisburg","","","1","TransUnion,Dun & Bradstreet or SBFE","yes"
"new","The Bank of Monroe","","","1","Experian","yes"
"new","The Bank of Princeton","","","1","Experian,TransUnion,Dun & Bradstreet or SBFE","yes"
"new","The Bank of Tioga","","","1","Experian","yes"
"new","The Brattleboro Savings and Loan Association","","","1","Experian","yes"
"new","The Canandaigua National Bank and Trust Company","","","1","Experian","yes"
"new","The Citizens Bank","","","1","All 3","yes"
"new","The Citizens National Bank of McConnelsville","","","1","Experian","yes"
"new","The Citizens-Farmers Bank of Cole Camp","","","1","Experian","yes"
"new","The City National Bank of Colorado City","","","1","Experian","yes"
"new","The Cleveland State Bank","","","1","Experian","yes"
"new","The Commercial Bank","","","1","TransUnion","yes"
"new","The Community Bank","","","1","Experian","yes"
"new","The Cooperative Bank","","","1","Experian,Dun & Bradstreet or SBFE","yes"
"new","The Farmers & Merchants State Bank","","","1","TransUnion","yes"
"new","The Farmers and Merchants Bank","","","1","TransUnion,Dun & Bradstreet or SBFE","yes"
"new","The Farmers State Bank","","","1","Experian","yes"
"new","The First Bank of Greenwich","","","1","Experian","yes"
"new","The First Citizens National Bank of Upper Sandusky","","","1","Experian","yes"
"new","The First National Bank and Trust","","","1","Experian","yes"
"new","The First National Bank and Trust Co., Chickasha, Oklahoma","","","1","TransUnion","yes"
"new","The First National Bank and Trust Company","","","1","TransUnion","yes"
"new","The First National Bank in Sioux Falls","","","1","Experian","yes"
"new","The First National Bank of Absecon","","","1","Experian","yes"
"new","The First National Bank of McConnelsville","","","1","Experian","yes"
"new","The First National Bank of Middle Tennessee","","","1","TransUnion","yes"
"new","The First National Bank of Mount Dora","","","1","Experian","yes"
"new","The First National Bank of Primghar","","","1","Experian","yes"
"new","The Fisher National Bank","","","1","Experian","yes"
"new","The Friendship State Bank","","","1","Experian","yes"
"new","The Geo. D. Warthen Bank","","","1","Experian","yes"
"new","The Hicksville Bank","","","1","All 3","yes"
"new","The Home Loan Savings Bank","","","1","Experian","yes"
"new","The Honesdale National Bank","","","1","Experian","yes"
"new","The Killbuck Savings Bank Company","","","1","All 3","yes"
"new","The Litchfield National Bank","","","1","Experian","yes"
"new","The Lowell Five Cent Savings Bank","","","1","Experian,Dun & Bradstreet or SBFE","yes"
"new","The Middlefield Banking Company","","","1","Experian","yes"
"new","The Napoleon State Bank","","","1","TransUnion,Dun & Bradstreet or SBFE","yes"
"new","The National Bank of Malvern","","","1","Experian","yes"
"new","The National Capital Bank of Washington","","","1","Experian","yes"
"new","The Neffs National Bank","","","1","Experian","yes"
"new","The Nodaway Valley Bank","","","1","TransUnion,Dun & Bradstreet or SBFE","yes"
"new","The North Salem State Bank","","","1","Experian","yes"
"new","The Peoples Bank, Biloxi, Mississippi","","","1","Experian","yes"
"new","The Richwood Banking Company","","","1","Experian","yes"
"new","The Savings Bank","","","1","Experian,TransUnion","yes"
"new","The Security National Bank of Enid","","","1","Experian","yes"
"new","The Shelby County State Bank","","","1","Experian","yes"
"new","The Shelby State Bank","","","1","TransUnion,Dun & Bradstreet or SBFE","yes"
"new","The Tri-County Bank","","","1","Experian","yes"
"new","The Union Bank Co.","","","1","Dun & Bradstreet or SBFE,TransUnion","yes"
"new","The Warrington Bank","","","1","All 3","yes"
"new","The Washington Trust Company","","","1","TransUnion,Dun & Bradstreet or SBFE","yes"
"new","The Yellowstone Bank","","","1","Experian","yes"
"new","Think Mutual Bank","","","1","TransUnion","yes"
"new","Thomaston Savings Bank","","","1","TransUnion,Dun & Bradstreet or SBFE","yes"
"new","Today’s Bank","","","1","Experian","yes"
"new","Tompkins Community Bank","","","1","Experian,Dun & Bradstreet or SBFE","yes"
"new","TORO EMPLOYEES","","","1","TransUnion,Dun & Bradstreet or SBFE","yes"
"new","Torrington Savings Bank","","","1","TransUnion,Dun & Bradstreet or SBFE","yes"
"new","Town & Country Bank","","","1","TransUnion,Dun & Bradstreet or SBFE","yes"
"new","Town & Country Bank and Trust Co.","","","1","Experian","yes"
"new","Town & Country Bank and Trust Company","","","1","All 3","yes"
"new","Town & Country Credit Union","","","1","TransUnion,Experian","yes"
"new","Traditions Bank","","","1","TransUnion,Dun & Bradstreet or SBFE","yes"
"new","Transpecos Banks, SSB","","","1","TransUnion,Dun & Bradstreet or SBFE","yes"
"new","Tri-County Bank & Trust Company","","","1","Experian","yes"
"new","Tri-County Credit Union","","","1","All 3,Dun & Bradstreet or SBFE","yes"
"new","TriStar Bank","","","1","Experian","yes"
"new","Truity Federal Credit Union","","","1","TransUnion","yes"
"new","Trustar Bank","","","1","Experian","yes"
"new","Trustco Bank","","","1","Dun & Bradstreet or SBFE,Experian,Equifax,TransUnion","yes"
"new","Twin Cedars Bank","","","1","TransUnion,Experian,Dun & Bradstreet or SBFE","yes"
"new","Twin City Bank","","","1","Experian","yes"
"new","Twin River Bank","","","1","All 3,Dun & Bradstreet or SBFE,TransUnion","yes"
"new","Two Rivers Bank & Trust","","","1","Experian","yes"
"new","U-HAUL","","","1","TransUnion,Dun & Bradstreet or SBFE","yes"
"new","U.S. Century Bank","","","1","All 3","yes"
"new","U.S. Employees Credit Union","","","1","TransUnion,Dun & Bradstreet or SBFE","yes"
"new","Ulster Savings Bank","","","1","TransUnion,Dun & Bradstreet or SBFE","yes"
"new","UMB Bank","","","1","TransUnion","yes"
"new","Unified Bank","","","1","TransUnion,Dun & Bradstreet or SBFE","yes"
"new","UNION","","","1","TransUnion,Dun & Bradstreet or SBFE","yes"
"new","Union Bank and Trust Company","","","1","Experian","yes"
"new","Union Savings Bank","","","1","TransUnion,Dun & Bradstreet or SBFE","yes"
"new","Union State Bank","","","2","Experian / TransUnion,Dun & Bradstreet or SBFE","yes"
"new","Union State Bank of Hazen","","","1","TransUnion,Dun & Bradstreet or SBFE","yes"
"new","United Bank of Michigan","","","1","TransUnion","yes"
"new","United Community Bank of West Kentucky, Inc.","","","1","Experian","yes"
"new","United Fidelity Bank","","","1","TransUnion","yes"
"new","United Southern Bank","","","1","TransUnion,Dun & Bradstreet or SBFE","yes"
"new","Unity Bank (CALL BANK)","","","1","TransUnion,Dun & Bradstreet or SBFE","yes"
"new","Universal Bank","","","1","Experian,TransUnion,Dun & Bradstreet or SBFE","yes"
"new","Univest Bank","","","1","TransUnion","yes"
"new","USSCO Johnstown Federal Credit Union","","","1","TransUnion,Dun & Bradstreet or SBFE","yes"
"new","Valley Bank of Kalispell","","","1","Experian","yes"
"new","Valley Bank of Nevada","","","1","TransUnion,Dun & Bradstreet or SBFE","yes"
"new","Valley Premier Bank","","","1","All 3","yes"
"new","VANTAGE WEST","","","1","Experian","yes"
"new","VeraBank, N.A.","","","1","TransUnion,Dun & Bradstreet or SBFE","yes"
"new","VERITY","","","1","TransUnion","yes"
"new","Verity Credit Union","","","1","Experian","yes"
"new","VICTORIA TEACHERS","","","1","TransUnion,Dun & Bradstreet or SBFE","yes"
"new","VIRGINIA","","","1","TransUnion,Dun & Bradstreet or SBFE","yes"
"new","VISIONBank","","","1","TransUnion,Dun & Bradstreet or SBFE","yes"
"new","Volunteer Federal","","","1","Equifax","yes"
"new","Volunteer State Bank","","","1","All 3,Dun & Bradstreet or SBFE","yes"
"new","WAKOTA","","","1","TransUnion,Dun & Bradstreet or SBFE","yes"
"new","Washington Financial Bank","","","1","TransUnion,Dun & Bradstreet or SBFE","yes"
"new","Washington Trust","","","1","All 3,Dun & Bradstreet or SBFE","yes"
"new","Water and Power Community Credit Union","","","1","Experian,Dun & Bradstreet or SBFE","yes"
"new","WaterStone Bank","","","1","TransUnion","yes"
"new","Waukesha State Bank","","","1","TransUnion","yes"
"new","Waycross Bank & Trust","","","1","Experian","yes"
"new","Wayne Bank","","","2","All 3 / Experian","yes"
"new","Webster Five Cents Savings Bank","","","1","TransUnion,Dun & Bradstreet or SBFE","yes"
"new","WEOKIE","","","1","TransUnion,Dun & Bradstreet or SBFE","yes"
"new","WEPCO","","","1","TransUnion,Dun & Bradstreet or SBFE","yes"
"new","West Alabama Bank","","","1","TransUnion","yes"
"new","West Shore Bank","","","1","Experian","yes"
"new","Westamerica Bank","","","1","TransUnion,Dun & Bradstreet or SBFE","yes"
"new","Westbury Bank","","","1","All 3,Dun & Bradstreet or SBFE,TransUnion","yes"
"new","Western Cooperative Credit Union","","","1","All 3,Dun & Bradstreet or SBFE","yes"
"new","Western State Bank","","","1","All 3,Dun & Bradstreet or SBFE","yes"
"new","Westfield Bank","","","1","Experian,TransUnion,Dun & Bradstreet or SBFE","yes"
"new","WHITE SANDS","","","1","TransUnion","yes"
"new","Whitesville State Bank","","","1","Equifax,Dun & Bradstreet or SBFE,TransUnion","yes"
"new","Willamette Valley Bank","","","1","TransUnion","yes"
"new","Williamstown Bank, Inc.","","","1","Experian","yes"
"new","Wilson Bank and Trust","","","1","TransUnion","yes"
"new","Winchester Savings Bank","","","2","Experian,Dun & Bradstreet or SBFE / TransUnion,Dun & Bradstreet or SBFE","yes"
"new","Winter Park National Bank","","","1","Equifax","yes"
"new","Wood & Huston Bank","","","1","Dun & Bradstreet or SBFE,Equifax","yes"
"new","Woodford State Bank","","","1","All 3,Dun & Bradstreet or SBFE","yes"
"new","Woodland Bank","","","1","All 3,Dun & Bradstreet or SBFE","yes"
"new","Woodsboro Bank","","","1","Experian","yes"
"new","Woodsville Guaranty Savings Bank","","","1","Experian","yes"
"new","WORKERS","","","1","TransUnion,Dun & Bradstreet or SBFE","yes"
"new","Wrentham Cooperative Bank","","","1","Experian,Dun & Bradstreet or SBFE","yes"
"new","Yampa Valley Bank","","","2","Experian","yes"
"new","YellowStone Bank","","","1","Experian","yes"
"new","York State Bank","","","2","Experian / Experian,Equifax","yes"
