group	tracked	bytes	path
Old non-.md doc files nothing reads (html reports, json dumps, pdf/png exports)	n	103851	docs/workflows/roadmap-good-credit-live-2026-09-29.png
Old proof screenshots, recordings and output files in dated docs/workflows folders	y	7752	docs/workflows/expected-deliverables-uwiq-2026-09-03-pack/Credit-Analysis-Report.pdf
Old proof screenshots, recordings and output files in dated docs/workflows folders	y	5340	docs/workflows/expected-deliverables-uwiq-2026-09-03-pack/Credit-Optimization-Roadmap.pdf
Old proof screenshots, recordings and output files in dated docs/workflows folders	y	26554	docs/workflows/expected-deliverables-uwiq-2026-09-03-pack/sim-five-credit-report-raw.json
Old proof screenshots, recordings and output files in dated docs/workflows folders	n	25662	docs/workflows/full-e2e-audit-2026-09-17-csm-ar-evidence/01-login-form.png
Old proof screenshots, recordings and output files in dated docs/workflows folders	n	36239	docs/workflows/full-e2e-audit-2026-09-17-csm-ar-evidence/02-csm-form-login.png
Old proof screenshots, recordings and output files in dated docs/workflows folders	n	192590	docs/workflows/full-e2e-audit-2026-09-18-combo-inquiry-evidence/shots/00-login.png
Old proof screenshots, recordings and output files in dated docs/workflows folders	n	25662	docs/workflows/full-e2e-audit-2026-09-18-csm-ar-beta-evidence/_raw/01-login-form.png
Old proof screenshots, recordings and output files in dated docs/workflows folders	n	36239	docs/workflows/full-e2e-audit-2026-09-18-csm-ar-beta-evidence/_raw/02-csm-form-login.png
Old proof screenshots, recordings and output files in dated docs/workflows folders	n	29493	docs/workflows/full-e2e-audit-2026-09-18-csm-ar-beta-evidence/_raw/02b-elena-form-login.png
Old proof screenshots, recordings and output files in dated docs/workflows folders	n	34496	docs/workflows/full-e2e-audit-2026-09-18-csm-ar-beta-evidence/01-login-form-MARKED.png
Old proof screenshots, recordings and output files in dated docs/workflows folders	n	46538	docs/workflows/full-e2e-audit-2026-09-18-csm-ar-beta-evidence/02-csm-form-login-MARKED.png
Old proof screenshots, recordings and output files in dated docs/workflows folders	n	41520	docs/workflows/full-e2e-audit-2026-09-18-csm-ar-beta-evidence/02b-elena-form-login-MARKED.png
Old proof screenshots, recordings and output files in dated docs/workflows folders	n	1409	docs/workflows/full-launch-lattice-2026-09-20-evidence/lane-1/playwright/required-ids-score.json
Old proof screenshots, recordings and output files in dated docs/workflows folders	n	1481	docs/workflows/full-launch-lattice-2026-09-20-evidence/lane-3/fulfillment-repair/generated/CREDIT-REPAIR-AGREEMENT-signed.html
Old proof screenshots, recordings and output files in dated docs/workflows folders	n	9978	docs/workflows/full-launch-lattice-2026-09-20-evidence/lane-deliverables/slo-dashboard/generated/Credit-Analysis-Report.pdf
Old proof screenshots, recordings and output files in dated docs/workflows folders	n	9927	docs/workflows/full-launch-lattice-2026-09-20-evidence/lane-deliverables/slo-dashboard/generated/Credit-Optimization-Roadmap.pdf
Old proof screenshots, recordings and output files in dated docs/workflows folders	n	1516728	docs/workflows/full-launch-lattice-2026-09-20-evidence/lane-deliverables/uwiq-generated/credit-analysis-report.html
Old proof screenshots, recordings and output files in dated docs/workflows folders	n	1520390	docs/workflows/full-launch-lattice-2026-09-20-evidence/lane-deliverables/uwiq-generated/credit-optimization-roadmap.html
Old proof screenshots, recordings and output files in dated docs/workflows folders	y	20769	docs/workflows/gold-deliverables-v5/compare/gold-credit_analysis_report.txt
Old proof screenshots, recordings and output files in dated docs/workflows folders	y	4066	docs/workflows/gold-deliverables-v5/compare/live-report-credit-analysis.txt
Old proof screenshots, recordings and output files in dated docs/workflows folders	n	266450	docs/workflows/live-prove-2026-09-17-evidence/h1-contracts/load1-template-credit-repair-agreement.png
Old proof screenshots, recordings and output files in dated docs/workflows folders	n	266577	docs/workflows/live-prove-2026-09-17-evidence/h1-contracts/load2-template-credit-repair-agreement.png
Old proof screenshots, recordings and output files in dated docs/workflows folders	n	35472	docs/workflows/live-prove-2026-09-17-evidence/hole-13/bare-cookie-client_id-fresh1-first.png
Old proof screenshots, recordings and output files in dated docs/workflows folders	n	35038	docs/workflows/live-prove-2026-09-17-evidence/hole-13/bare-cookie-client_id-fresh1-reload.png
Old proof screenshots, recordings and output files in dated docs/workflows folders	n	35472	docs/workflows/live-prove-2026-09-17-evidence/hole-13/bare-cookie-client_id-fresh2-first.png
Old proof screenshots, recordings and output files in dated docs/workflows folders	n	35038	docs/workflows/live-prove-2026-09-17-evidence/hole-13/bare-cookie-client_id-fresh2-reload.png
Old proof screenshots, recordings and output files in dated docs/workflows folders	n	54031	docs/workflows/live-prove-2026-09-17-evidence/hole-13/bare-cookie-id-fresh1-first-marked.png
Old proof screenshots, recordings and output files in dated docs/workflows folders	n	35472	docs/workflows/live-prove-2026-09-17-evidence/hole-13/bare-cookie-id-fresh1-first.png
Old proof screenshots, recordings and output files in dated docs/workflows folders	n	35038	docs/workflows/live-prove-2026-09-17-evidence/hole-13/bare-cookie-id-fresh1-reload.png
Old proof screenshots, recordings and output files in dated docs/workflows folders	n	35472	docs/workflows/live-prove-2026-09-17-evidence/hole-13/bare-cookie-id-fresh2-first.png
Old proof screenshots, recordings and output files in dated docs/workflows folders	n	35038	docs/workflows/live-prove-2026-09-17-evidence/hole-13/bare-cookie-id-fresh2-reload.png
Old proof screenshots, recordings and output files in dated docs/workflows folders	n	11693	docs/workflows/live-prove-2026-09-17-evidence/hole-13/bare-cookie.json
Old proof screenshots, recordings and output files in dated docs/workflows folders	n	58180	docs/workflows/live-prove-2026-09-17-evidence/hole-13/review/cookieonly-client_id-fresh1-first-10s.png
Old proof screenshots, recordings and output files in dated docs/workflows folders	n	57928	docs/workflows/live-prove-2026-09-17-evidence/hole-13/review/cookieonly-client_id-fresh1-reload-10s.png
Old proof screenshots, recordings and output files in dated docs/workflows folders	n	58174	docs/workflows/live-prove-2026-09-17-evidence/hole-13/review/cookieonly-id-fresh1-first-10s.png
Old proof screenshots, recordings and output files in dated docs/workflows folders	n	57928	docs/workflows/live-prove-2026-09-17-evidence/hole-13/review/cookieonly-id-fresh1-reload-10s.png
Old proof screenshots, recordings and output files in dated docs/workflows folders	n	57075	docs/workflows/live-prove-2026-09-17-evidence/hole-13/review3/cookieonly-client_id-fresh1-10s-marked.png
Old proof screenshots, recordings and output files in dated docs/workflows folders	n	42153	docs/workflows/live-prove-2026-09-17-evidence/hole-13/review3/cookieonly-client_id-fresh1-10s.png
Old proof screenshots, recordings and output files in dated docs/workflows folders	n	43958	docs/workflows/live-prove-2026-09-17-evidence/hole-13/review3/cookieonly-client_id-fresh1-first-name-300ms-marked.png
Old proof screenshots, recordings and output files in dated docs/workflows folders	n	29500	docs/workflows/live-prove-2026-09-17-evidence/hole-13/review3/cookieonly-client_id-fresh1-first-name-300ms.png
Old proof screenshots, recordings and output files in dated docs/workflows folders	n	57070	docs/workflows/live-prove-2026-09-17-evidence/hole-13/review3/cookieonly-client_id-fresh2-10s-marked.png
Old proof screenshots, recordings and output files in dated docs/workflows folders	n	42150	docs/workflows/live-prove-2026-09-17-evidence/hole-13/review3/cookieonly-client_id-fresh2-10s.png
Old proof screenshots, recordings and output files in dated docs/workflows folders	n	44929	docs/workflows/live-prove-2026-09-17-evidence/hole-13/review3/cookieonly-client_id-fresh2-first-name-279ms-marked.png
Old proof screenshots, recordings and output files in dated docs/workflows folders	n	30614	docs/workflows/live-prove-2026-09-17-evidence/hole-13/review3/cookieonly-client_id-fresh2-first-name-279ms.png
Old proof screenshots, recordings and output files in dated docs/workflows folders	n	56143	docs/workflows/live-prove-2026-09-17-evidence/hole-13/review3/cookieonly-id-fresh1-10s-marked.png
Old proof screenshots, recordings and output files in dated docs/workflows folders	n	42156	docs/workflows/live-prove-2026-09-17-evidence/hole-13/review3/cookieonly-id-fresh1-10s.png
Old proof screenshots, recordings and output files in dated docs/workflows folders	n	43687	docs/workflows/live-prove-2026-09-17-evidence/hole-13/review3/cookieonly-id-fresh1-first-name-505ms-marked.png
Old proof screenshots, recordings and output files in dated docs/workflows folders	n	29500	docs/workflows/live-prove-2026-09-17-evidence/hole-13/review3/cookieonly-id-fresh1-first-name-505ms.png
Old proof screenshots, recordings and output files in dated docs/workflows folders	n	56138	docs/workflows/live-prove-2026-09-17-evidence/hole-13/review3/cookieonly-id-fresh2-10s-marked.png
Old proof screenshots, recordings and output files in dated docs/workflows folders	n	42150	docs/workflows/live-prove-2026-09-17-evidence/hole-13/review3/cookieonly-id-fresh2-10s.png
Old proof screenshots, recordings and output files in dated docs/workflows folders	n	44538	docs/workflows/live-prove-2026-09-17-evidence/hole-13/review3/cookieonly-id-fresh2-first-name-226ms-marked.png
Old proof screenshots, recordings and output files in dated docs/workflows folders	n	30614	docs/workflows/live-prove-2026-09-17-evidence/hole-13/review3/cookieonly-id-fresh2-first-name-226ms.png
Old proof screenshots, recordings and output files in dated docs/workflows folders	n	42580	docs/workflows/live-prove-2026-09-17-evidence/hole-13/round2/live-before-cookie-only-client_id-first.png
Old proof screenshots, recordings and output files in dated docs/workflows folders	n	42151	docs/workflows/live-prove-2026-09-17-evidence/hole-13/round2/live-before-cookie-only-client_id-reload.png
Old proof screenshots, recordings and output files in dated docs/workflows folders	n	60491	docs/workflows/live-prove-2026-09-17-evidence/hole-13/round2/live-before-cookie-only-id-first-marked.png
Old proof screenshots, recordings and output files in dated docs/workflows folders	n	42580	docs/workflows/live-prove-2026-09-17-evidence/hole-13/round2/live-before-cookie-only-id-first.png
Old proof screenshots, recordings and output files in dated docs/workflows folders	n	42149	docs/workflows/live-prove-2026-09-17-evidence/hole-13/round2/live-before-cookie-only-id-reload.png
Old proof screenshots, recordings and output files in dated docs/workflows folders	n	42152	docs/workflows/live-prove-2026-09-17-evidence/hole-13/round2/local-after-cookie-only-client_id-first.png
Old proof screenshots, recordings and output files in dated docs/workflows folders	n	42151	docs/workflows/live-prove-2026-09-17-evidence/hole-13/round2/local-after-cookie-only-client_id-reload.png
Old proof screenshots, recordings and output files in dated docs/workflows folders	n	59287	docs/workflows/live-prove-2026-09-17-evidence/hole-13/round2/local-after-cookie-only-id-first-marked.png
Old proof screenshots, recordings and output files in dated docs/workflows folders	n	42154	docs/workflows/live-prove-2026-09-17-evidence/hole-13/round2/local-after-cookie-only-id-first.png
Old proof screenshots, recordings and output files in dated docs/workflows folders	n	42151	docs/workflows/live-prove-2026-09-17-evidence/hole-13/round2/local-after-cookie-only-id-reload.png
Old proof screenshots, recordings and output files in dated docs/workflows folders	n	67166	docs/workflows/live-prove-2026-09-17-evidence/hole-22/review/pass2-file-credit-analysis-report.png
Old proof screenshots, recordings and output files in dated docs/workflows folders	n	74315	docs/workflows/live-prove-2026-09-17-evidence/hole-22/review/pass2-file-credit-optimization-roadmap.png
Old proof screenshots, recordings and output files in dated docs/workflows folders	n	51361	docs/workflows/live-prove-2026-09-17-evidence/hole-3/1-login-page-marked.png
Old proof screenshots, recordings and output files in dated docs/workflows folders	n	133604	docs/workflows/live-prove-2026-09-17-evidence/independent-tester-2026-09-18/h3-csm-login-1.png
Old proof screenshots, recordings and output files in dated docs/workflows folders	n	133093	docs/workflows/live-prove-2026-09-17-evidence/independent-tester-2026-09-18/h3-csm-login-2.png
Old proof screenshots, recordings and output files in dated docs/workflows folders	n	165406	docs/workflows/live-prove-2026-09-17-evidence/independent-tester-2026-09-18/h6-login-1.png
Old proof screenshots, recordings and output files in dated docs/workflows folders	n	165452	docs/workflows/live-prove-2026-09-17-evidence/independent-tester-2026-09-18/h6-login-2.png
Old proof screenshots, recordings and output files in dated docs/workflows folders	y	9008	docs/workflows/w10-pack-2026-09-04/Credit-Analysis-Report.pdf
Old proof screenshots, recordings and output files in dated docs/workflows folders	y	9593	docs/workflows/w10-pack-2026-09-04/Credit-Optimization-Roadmap.pdf
Old proof screenshots, recordings and output files in dated docs/workflows folders	y	9246	docs/workflows/w10-pack-2026-09-04/hard-cases/Credit-Analysis-Report.pdf
Old proof screenshots, recordings and output files in dated docs/workflows folders	y	9576	docs/workflows/w10-pack-2026-09-04/hard-cases/Credit-Optimization-Roadmap.pdf
Old proof screenshots, recordings and output files in dated docs/workflows folders	y	7369	docs/workflows/w10-pack-2026-09-04/no-limit/Credit-Analysis-Report.pdf
Old proof screenshots, recordings and output files in dated docs/workflows folders	y	9315	docs/workflows/w10-pack-2026-09-04/no-limit/Credit-Optimization-Roadmap.pdf
Old proof screenshots, recordings and output files in dated docs/workflows folders	y	9008	docs/workflows/w10-pack-2026-09-04/with-company/Credit-Analysis-Report.pdf
Old proof screenshots, recordings and output files in dated docs/workflows folders	y	9639	docs/workflows/w10-pack-2026-09-04/with-company/Credit-Optimization-Roadmap.pdf
Old proof screenshots, recordings and output files in dated docs/workflows folders	y	7312	docs/workflows/w10-pack-2026-09-04/zero-limit/Credit-Analysis-Report.pdf
Old proof screenshots, recordings and output files in dated docs/workflows folders	y	9297	docs/workflows/w10-pack-2026-09-04/zero-limit/Credit-Optimization-Roadmap.pdf
Scratch scripts and their output in scripts/tmp* (one-off checks; nothing uses them)	y	5026	scripts/tmp/authrep-walk-2026-09-27.mjs
Scratch scripts and their output in scripts/tmp* (one-off checks; nothing uses them)	y	3918	scripts/tmp/authrep-walk.mjs
Scratch scripts and their output in scripts/tmp* (one-off checks; nothing uses them)	n	38085	scripts/tmp/blueprint-access-2026-09-25/01-after-login.png
Scratch scripts and their output in scripts/tmp* (one-off checks; nothing uses them)	n	555592	scripts/tmp/blueprint-access-2026-09-25/login-result.png
Scratch scripts and their output in scripts/tmp* (one-off checks; nothing uses them)	n	858	scripts/tmp/blueprint-access-2026-09-25/mint-session.mjs
Scratch scripts and their output in scripts/tmp* (one-off checks; nothing uses them)	n	9740	scripts/tmp/doc-agent-session.mjs
Scratch scripts and their output in scripts/tmp* (one-off checks; nothing uses them)	y	29335	scripts/tmp/full-e2e-csm-ar-beta-2026-09-18.mjs
Scratch scripts and their output in scripts/tmp* (one-off checks; nothing uses them)	y	12238	scripts/tmp/full-e2e-csm-ar-beta-followup-2026-09-18.mjs
Scratch scripts and their output in scripts/tmp* (one-off checks; nothing uses them)	n	6417	scripts/tmp/gap33-csm-login.mjs
Scratch scripts and their output in scripts/tmp* (one-off checks; nothing uses them)	n	3474	scripts/tmp/hole17-finish-db-token-2026-09-20.mjs
Scratch scripts and their output in scripts/tmp* (one-off checks; nothing uses them)	n	3864	scripts/tmp/hole17-finish-reuse-token-2026-09-20.mjs
Scratch scripts and their output in scripts/tmp* (one-off checks; nothing uses them)	y	4261	scripts/tmp/live-fix-2026-09-17/hole-3-finish-loginshot.mjs
Scratch scripts and their output in scripts/tmp* (one-off checks; nothing uses them)	y	8464	scripts/tmp/live-fix-2026-09-17/hole-4-skeptic.mjs
Scratch scripts and their output in scripts/tmp* (one-off checks; nothing uses them)	y	4463	scripts/tmp/live-fix-2026-09-18/h13-bare-cookie.mjs
Scratch scripts and their output in scripts/tmp* (one-off checks; nothing uses them)	y	1185	scripts/tmp/live-fix-2026-09-18/h15-local-creds.mjs
Scratch scripts and their output in scripts/tmp* (one-off checks; nothing uses them)	y	3274	scripts/tmp/live-fix-2026-09-18/h16-backup-reader-local.mjs
Scratch scripts and their output in scripts/tmp* (one-off checks; nothing uses them)	y	1420	scripts/tmp/live-fix-2026-09-18/h16-credit-now.mjs
Scratch scripts and their output in scripts/tmp* (one-off checks; nothing uses them)	y	4022	scripts/tmp/live-fix-2026-09-18/r2-n26-drive-dry.mjs
Scratch scripts and their output in scripts/tmp* (one-off checks; nothing uses them)	y	2846	scripts/tmp/live-fix-2026-09-18/r2-n26-fixed-dry.mjs
Scratch scripts and their output in scripts/tmp* (one-off checks; nothing uses them)	y	22741	scripts/tmp/overnight-csm-ar-e2e.mjs
Scratch scripts and their output in scripts/tmp* (one-off checks; nothing uses them)	n	972	scripts/tmp/w8-staff-session.mjs
Scratch scripts and their output in scripts/tmp* (one-off checks; nothing uses them)	n	957	scripts/tmp/w8-try-role-login.mjs
Tests inside the copied UnderwriteIQ / inquiry-remover code (nothing ever runs them)	y	2556	vendor/inquiry-remover/__tests__/auth.test.js
Tests inside the copied UnderwriteIQ / inquiry-remover code (nothing ever runs them)	y	2107	vendor/underwriteiq-full/api/events/__tests__/auth-fail-closed.test.js
Tests inside the copied UnderwriteIQ / inquiry-remover code (nothing ever runs them)	y	3368	vendor/underwriteiq-full/api/lite/__tests__/credit-ingestion.test.js
Tests inside the copied UnderwriteIQ / inquiry-remover code (nothing ever runs them)	y	19404	vendor/underwriteiq-full/api/lite/__tests__/health-monitor.test.js
Tests inside the copied UnderwriteIQ / inquiry-remover code (nothing ever runs them)	y	3102	vendor/underwriteiq-full/api/lite/__tests__/oxylabs-proxy.test.js
Tests inside the copied UnderwriteIQ / inquiry-remover code (nothing ever runs them)	y	2871	vendor/underwriteiq-full/api/lite/__tests__/stitch-credit-client.test.js
Tests inside the copied UnderwriteIQ / inquiry-remover code (nothing ever runs them)	y	3368	vendor/underwriteiq/api/lite/__tests__/credit-ingestion.test.js
